sid;№ ФО;Запись (br);Файл;Строка;Тип
1;1;0;advanced_demo.cpp;5;вход
2;1;-1;advanced_demo.cpp;5;выход
3;2;0;advanced_demo.cpp;12;вход
4;2;-1;advanced_demo.cpp;12;выход
5;3;0;advanced_demo.cpp;19;вход
6;3;-1;advanced_demo.cpp;19;выход
7;4;0;advanced_demo.cpp;27;вход
8;4;-1;advanced_demo.cpp;27;выход
9;5;0;advanced_demo.cpp;37;вход
10;5;-1;advanced_demo.cpp;37;выход
11;6;0;advanced_demo.cpp;47;вход
12;6;-1;advanced_demo.cpp;47;выход
13;7;0;advanced_demo.cpp;55;вход
14;7;-1;advanced_demo.cpp;55;выход
15;8;0;advanced_demo.cpp;64;вход
16;8;-1;advanced_demo.cpp;64;выход
17;9;0;advanced_demo.cpp;76;вход
18;9;-1;advanced_demo.cpp;76;выход
19;10;0;advanced_demo.cpp;87;вход
20;10;-1;advanced_demo.cpp;87;выход
21;11;0;advanced_demo.cpp;97;вход
22;11;-1;advanced_demo.cpp;97;выход
23;13;0;advanced_demo.h;38;вход
24;13;-1;advanced_demo.h;38;выход
25;14;0;exception_demo.cpp;5;вход
26;14;-1;exception_demo.cpp;5;выход
27;15;0;exception_demo.cpp;19;вход
28;15;-1;exception_demo.cpp;19;выход
29;16;0;exception_demo.cpp;41;вход
30;16;-1;exception_demo.cpp;41;выход
31;17;0;exception_demo.cpp;66;вход
32;17;-1;exception_demo.cpp;66;выход
33;18;0;exception_demo.cpp;83;вход
34;18;-1;exception_demo.cpp;83;выход
35;19;0;if_demo.cpp;4;вход
36;19;-1;if_demo.cpp;4;выход
37;20;0;if_demo.cpp;13;вход
38;20;-1;if_demo.cpp;13;выход
39;21;0;if_demo.cpp;22;вход
40;21;-1;if_demo.cpp;22;выход
41;22;0;if_demo.cpp;36;вход
42;22;-1;if_demo.cpp;36;выход
43;23;0;if_demo.cpp;50;вход
44;23;-1;if_demo.cpp;50;выход
45;24;0;loop_demo.cpp;4;вход
46;24;-1;loop_demo.cpp;4;выход
47;25;0;loop_demo.cpp;13;вход
48;25;-1;loop_demo.cpp;13;выход
49;26;0;loop_demo.cpp;24;вход
50;26;-1;loop_demo.cpp;24;выход
51;27;0;loop_demo.cpp;39;вход
52;27;-1;loop_demo.cpp;39;выход
53;28;0;loop_demo.cpp;49;вход
54;28;-1;loop_demo.cpp;49;выход
55;29;0;loop_demo.cpp;59;вход
56;29;-1;loop_demo.cpp;59;выход
57;30;0;macro_demo.cpp;29;вход
58;30;-1;macro_demo.cpp;29;выход
65;34;0;macro_demo.cpp;83;вход
66;34;-1;macro_demo.cpp;83;выход
67;35;0;macro_demo.cpp;85;вход
68;35;-1;macro_demo.cpp;85;выход
69;36;0;macro_demo.cpp;92;вход
70;36;-1;macro_demo.cpp;92;выход
71;37;0;main.cpp;20;вход
72;37;-1;main.cpp;20;выход
73;38;0;negative_demo.cpp;4;вход
74;38;-1;negative_demo.cpp;4;выход
75;39;0;negative_demo.cpp;21;вход
76;39;-1;negative_demo.cpp;21;выход
77;40;0;negative_demo.cpp;29;вход
78;40;-1;negative_demo.cpp;29;выход
79;41;0;negative_demo.cpp;37;вход
80;41;-1;negative_demo.cpp;37;выход
81;42;0;negative_demo.cpp;49;вход
82;42;-1;negative_demo.cpp;49;выход
83;43;0;negative_demo.cpp;63;вход
84;43;-1;negative_demo.cpp;63;выход
85;44;0;oneline_demo.cpp;7;вход
86;44;-1;oneline_demo.cpp;7;выход
87;45;0;oneline_demo.cpp;18;вход
88;45;-1;oneline_demo.cpp;18;выход
89;46;0;oneline_demo.cpp;25;вход
90;46;-1;oneline_demo.cpp;25;выход
91;47;0;oneline_demo.cpp;32;вход
92;47;-1;oneline_demo.cpp;32;выход
93;48;0;oneline_demo.cpp;39;вход
94;48;-1;oneline_demo.cpp;39;выход
95;49;0;oneline_demo.cpp;46;вход
96;49;-1;oneline_demo.cpp;46;выход
97;50;0;oneline_demo.cpp;53;вход
98;50;-1;oneline_demo.cpp;53;выход
99;51;0;oneline_demo.cpp;60;вход
100;51;-1;oneline_demo.cpp;60;выход
101;52;0;oneline_demo.cpp;69;вход
102;52;-1;oneline_demo.cpp;69;выход
103;53;0;oneline_demo.cpp;76;вход
104;53;-1;oneline_demo.cpp;76;выход
105;54;0;oneline_demo.cpp;83;вход
106;54;-1;oneline_demo.cpp;83;выход
107;55;0;oneline_demo.cpp;90;вход
108;55;-1;oneline_demo.cpp;90;выход
109;56;0;oneline_demo.cpp;97;вход
110;56;-1;oneline_demo.cpp;97;выход
111;57;0;oneline_demo.cpp;103;вход
112;57;-1;oneline_demo.cpp;103;выход
113;58;0;pipeline.cpp;4;вход
114;58;-1;pipeline.cpp;4;выход
115;59;0;pipeline.cpp;7;вход
116;59;-1;pipeline.cpp;7;выход
117;60;0;pipeline.cpp;16;вход
118;60;-1;pipeline.cpp;16;выход
119;61;0;pipeline.cpp;27;вход
120;61;-1;pipeline.cpp;27;выход
121;62;0;pipeline.cpp;41;вход
122;62;-1;pipeline.cpp;41;выход
123;63;0;single_stmt_demo.cpp;4;вход
124;63;-1;single_stmt_demo.cpp;4;выход
125;64;0;single_stmt_demo.cpp;13;вход
126;64;-1;single_stmt_demo.cpp;13;выход
127;65;0;single_stmt_demo.cpp;23;вход
128;65;-1;single_stmt_demo.cpp;23;выход
129;66;0;single_stmt_demo.cpp;31;вход
130;66;-1;single_stmt_demo.cpp;31;выход
131;67;0;single_stmt_demo.cpp;39;вход
132;67;-1;single_stmt_demo.cpp;39;выход
133;68;0;single_stmt_demo.cpp;48;вход
134;68;-1;single_stmt_demo.cpp;48;выход
135;69;0;unsafe_demo.cpp;7;вход
136;69;-1;unsafe_demo.cpp;7;выход
137;1;1;advanced_demo.cpp;7;while
138;2;1;advanced_demo.cpp;14;for
139;3;1;advanced_demo.cpp;21;if
140;3;2;advanced_demo.cpp;22;else
141;4;1;advanced_demo.cpp;29;do
142;4;2;advanced_demo.cpp;30;if
143;5;1;advanced_demo.cpp;39;for
144;5;2;advanced_demo.cpp;40;if
145;5;3;advanced_demo.cpp;41;if
146;6;1;advanced_demo.cpp;48;for
147;6;2;advanced_demo.cpp;49;if
148;7;1;advanced_demo.cpp;55;try
149;7;2;advanced_demo.cpp;57;if
150;7;3;advanced_demo.cpp;59;catch
151;8;1;advanced_demo.cpp;71;for
152;9;1;advanced_demo.cpp;77;if
153;10;1;advanced_demo.cpp;88;if
154;11;1;advanced_demo.cpp;99;case
155;11;2;advanced_demo.cpp;100;default
156;13;1;advanced_demo.h;39;if
157;13;2;advanced_demo.h;40;if
158;14;1;exception_demo.cpp;7;try
159;14;2;exception_demo.cpp;8;if
160;14;3;exception_demo.cpp;12;catch
161;15;1;exception_demo.cpp;20;try
162;15;2;exception_demo.cpp;21;if
163;15;3;exception_demo.cpp;24;if
164;15;4;exception_demo.cpp;27;if
165;15;5;exception_demo.cpp;31;catch
166;15;6;exception_demo.cpp;33;catch
167;15;7;exception_demo.cpp;35;catch
168;16;1;exception_demo.cpp;43;try
169;16;2;exception_demo.cpp;44;try
170;16;3;exception_demo.cpp;45;if
171;16;4;exception_demo.cpp;52;catch
172;16;5;exception_demo.cpp;49;catch
173;17;1;exception_demo.cpp;70;while
174;17;2;exception_demo.cpp;70;try
175;17;3;exception_demo.cpp;71;if
176;17;4;exception_demo.cpp;76;catch
177;18;1;exception_demo.cpp;85;try
178;18;2;exception_demo.cpp;86;for
179;18;3;exception_demo.cpp;89;if
180;18;4;exception_demo.cpp;93;if
181;18;5;exception_demo.cpp;96;catch
182;19;1;if_demo.cpp;6;if
183;20;1;if_demo.cpp;14;if
184;20;2;if_demo.cpp;16;else
185;21;1;if_demo.cpp;23;if
186;21;2;if_demo.cpp;25;if
187;21;3;if_demo.cpp;27;if
188;21;4;if_demo.cpp;29;if
189;22;1;if_demo.cpp;38;if
190;22;2;if_demo.cpp;39;if
191;22;3;if_demo.cpp;42;if
192;23;1;if_demo.cpp;52;if
193;24;1;loop_demo.cpp;6;for
194;25;1;loop_demo.cpp;15;for
195;25;2;loop_demo.cpp;16;for
196;26;1;loop_demo.cpp;26;for
197;26;2;loop_demo.cpp;27;if
198;26;3;loop_demo.cpp;31;if
199;27;1;loop_demo.cpp;41;while
200;28;1;loop_demo.cpp;51;do
201;29;1;loop_demo.cpp;61;while
202;29;2;loop_demo.cpp;62;if
203;30;1;macro_demo.cpp;31;if
205;38;1;negative_demo.cpp;6;case
206;38;2;negative_demo.cpp;7;case
207;38;3;negative_demo.cpp;9;case
208;38;4;negative_demo.cpp;10;case
209;38;5;negative_demo.cpp;11;case
210;38;6;negative_demo.cpp;12;case
211;38;7;negative_demo.cpp;13;case
212;38;8;negative_demo.cpp;15;default
213;41;1;negative_demo.cpp;42;if
214;43;1;negative_demo.cpp;67;case
215;43;2;negative_demo.cpp;69;default
216;44;1;oneline_demo.cpp;9;if
217;45;1;oneline_demo.cpp;20;if
218;45;2;oneline_demo.cpp;20;else
219;46;1;oneline_demo.cpp;27;if
220;46;2;oneline_demo.cpp;27;else
221;47;1;oneline_demo.cpp;34;if
222;47;2;oneline_demo.cpp;34;else
223;48;1;oneline_demo.cpp;41;if
224;48;2;oneline_demo.cpp;41;else
225;49;1;oneline_demo.cpp;48;for
226;50;1;oneline_demo.cpp;55;while
227;51;1;oneline_demo.cpp;62;do
228;52;1;oneline_demo.cpp;71;if
229;53;1;oneline_demo.cpp;78;for
230;54;1;oneline_demo.cpp;85;while
231;55;1;oneline_demo.cpp;92;do
232;56;1;oneline_demo.cpp;98;try
233;56;2;oneline_demo.cpp;99;catch
234;57;1;oneline_demo.cpp;105;for
235;59;1;pipeline.cpp;8;if
236;60;1;pipeline.cpp;18;for
237;60;2;pipeline.cpp;19;if
238;61;1;pipeline.cpp;29;while
239;61;2;pipeline.cpp;33;do
240;62;1;pipeline.cpp;42;try
241;62;2;pipeline.cpp;43;if
242;62;3;pipeline.cpp;48;if
243;62;4;pipeline.cpp;52;catch
244;63;1;single_stmt_demo.cpp;7;if
245;64;1;single_stmt_demo.cpp;16;if
246;64;2;single_stmt_demo.cpp;18;else
247;65;1;single_stmt_demo.cpp;26;for
248;66;1;single_stmt_demo.cpp;34;while
249;67;1;single_stmt_demo.cpp;42;do
250;68;1;single_stmt_demo.cpp;51;for
251;68;2;single_stmt_demo.cpp;52;if
